23261A05C8,Absent
23261A05C9,Absent
23261A05D0,Absent
23261A05D1,Absent
23261A05D2,Absent
23261A05D3,Absent
23261A05D4,Absent
23261A05D5,Absent
23261A05D6,Absent
23261A05D7,Absent
23261A05D8,Absent
23261A05D9,Absent
23261A05E0,Absent
23261A05E1,Absent
23261A05E2,Absent
23261A05E3,Absent
23261A05E4,Absent
23261A05E5,Absent
23261A05E6,Absent
23261A05E7,Absent
23261A05E8,Absent
23261A05E9,Absent
23261A05F0,Absent
23261A05F1,Absent
23261A05F2,Absent
23261A05F3,Absent
23261A05F4,Absent
23261A05F5,Absent
23261A05F6,Absent
23261A05F7,Absent
23261A05F8,Absent
23261A05F9,Absent
23261A05G0,Absent
23261A05G1,Absent
23261A05G2,Absent
23261A05G3,Absent
23261A05G4,Absent
23261A05G5,Absent
23261A05G6,Absent
23261A05G7,Absent
23261A05G8,Absent
23261A05G9,Absent
23261A05H0,Absent
23261A05H1,Absent
23261A05H2,Absent
23261A05H3,Absent
23261A05H4,Absent
23261A05H5,Absent
23261A05H6,Absent
23261A05H7,Absent
23261A05H8,Absent
23261A05H9,Absent
23261A05I0,Absent
23261A05I1,Absent
23261A05I2,Absent
23261A05I3,Absent
23261A05I4,Absent
23261A05I5,Absent
23261A05I6,Absent
23261A05I7,Absent
23261A05I8,Absent
23261A05I9,Absent
23261A05J0,Absent
23261A05J1,Absent
23261A05J2,Absent
23261A05J3,Absent
23261A05J4,Absent
23261A05J5,Absent
23261A05J6,Absent
23261A05J7,Absent
23261A05J8,Absent
23261A05J9,Absent
23261A05K0,Absent
23261A05K1,Absent
23261A05K2,Absent
23261A05K3,Absent